dateissue,Value
14030219,2219092.6
14030218,2231424
14030217,2239098.5
14030216,2259745.2
14030212,2264917.3
14030211,2268826.4
14030210,2281071.8
14030209,2284833.7
14030208,2304978.6
14030205,2304325.9
14030204,2303378.2
14030203,2316803.1
14030202,2312818.2
14030201,2285843.6
14030129,2208214.7
14030128,2201982
14030127,2206907.8
14030126,2196767.8
14030125,2207970.2
14030121,2261899.2
14030120,2254853
14030119,2234925.7
14030118,2231022.8
14030115,2250907.5
14030114,2245265.3
14030111,2261172.4
14030108,2261386.2
14030107,2249426.6
14030106,2253602.2
14030105,2236349.3
14021228,2195092.3
14021227,2160406.5
14021226,2148494
14021223,2150035.3
14021222,2163501
14021221,2161563.7
14021220,2160224.7
14021219,2163750.3
14021216,2165752.7
14021215,2172228
14021214,2140164.7
14021213,2147088.7
14021212,2086541.6
14021209,2054827.2
14021208,2046016.9
14021207,2049784.5
14021205,2066137.7
14021202,2070816.2
14021201,2071417.9
14021130,2070775.3
14021129,2064525.6
14021128,2060020
14021125,2078540.1
14021124,2090317.9
14021123,2091898.2
14021121,2100104.3
14021118,2098026.3
14021117,2097247.4
14021116,2098472
14021115,2100173.8
14021114,2111083.4
14021111,2107272.6
14021110,2110339.4
14021109,2120268
14021108,2128027.7
14021107,2126829.7
14021104,2123491.4
14021103,2120048.7
14021102,2146563.3
14021101,2153211.8
14021030,2166927.9
14021027,2185977.4
14021026,2186970.3
14021025,2194999.4
14021024,2197290.1
14021023,2180534.1
14021020,2170964.1
14021019,2156372.4
14021018,2153955.8
14021017,2154775.7
14021016,2153710.6
14021013,2155234.9
14021012,2158766.5
14021011,2168309
14021010,2176102.5
14021009,2182717.8
14021006,2177410.5
14021005,2178752.2
14021004,2194499.8
14021003,2200109.7
14021002,2208343.2
14020929,2210217.4
14020928,2211856.3
14020927,2207653.1
14020925,2171823.2
14020922,2158088.5
14020921,2161266.6
14020920,2162560.4
14020919,2161074
14020918,2160965
14020915,2171023.4
14020914,2176503.7
14020913,2165228.3
14020912,2121199.2
14020911,2087696
14020908,2060345.3
14020907,2031879.6
14020906,2026074.8
14020905,2024447.9
14020904,2019988.2
14020901,2022332.4
14020830,2020153.9
14020829,2018008
14020828,2026241.6
14020827,2028579.8
14020824,2038883.4
14020823,2046067
14020822,2055960.3
14020821,2053632.8
14020820,2054482.9
14020817,2055944.8
14020816,2052696
14020815,2030871.7
14020814,2016734.8
14020813,1999209.4
14020810,1970519.8
14020809,1981204.7
14020808,1981414.2
14020807,1961310.8
14020806,1951216.6
14020803,2002075.1
14020802,2000340.4
14020801,2021903.6
14020730,2032212.1
14020729,2024972.8
14020726,2023543.8
14020725,2031245.3
14020724,2018150.4
14020723,2001942.6
14020722,2001464.2
14020719,2019712.8
14020718,2014066.9
14020717,2005595.1
14020716,2001266.7
14020715,2052879.3
14020712,2069749.2
14020710,2067537.6
14020709,2067164.4
14020708,2084534.8
14020705,2097976.9
14020704,2097727
14020703,2101035.3
14020701,2118346.6
14020629,2121213
14020628,2128489.3
14020627,2133490.5
14020626,2135780.4
14020622,2126741.7
14020621,2127079.5
14020620,2122617.1
14020619,2123629
14020618,2129608.6
14020614,2150975.3
14020613,2136144.2
14020612,2111648.6
14020611,2105644.4
14020608,2104683.8
14020607,2095048.9
14020606,2084168.4
14020605,2051471.9
14020604,1993097.2
14020601,1946593.9
14020531,1938253.4
14020530,1956441.4
14020529,1954029.7
14020528,1957509.9
14020525,1973597.3
14020524,1978182.8
14020523,1997030.3
14020522,1987917.9
14020521,1989639.8
14020518,2036985.5
14020517,2037869.3
14020516,2051072.7
14020515,2040011.7
14020514,2033048.1
14020510,1993659.2
14020509,1973910.2
14020508,1967667.5
14020507,1996755.9
14020504,2000525.2
14020503,2001897.1
14020502,1998459.3
14020501,1976944.9
14020431,1983133.6
14020428,2016385.6
14020427,1999719.9
14020426,1956634
14020425,2021297.6
14020424,2070890.3
14020421,2071404.3
14020420,2128378.4
14020419,2158533.9
14020418,2176359
14020417,2195133
14020414,2202657
14020413,2202092.5
14020412,2183405.5
14020411,2157377.1
14020410,2143914.9
14020407,2153410.6
14020406,2168205.3
14020405,2196127.8
14020404,2189601.7
14020403,2162616.3
14020331,2173893.4
14020330,2166947.4
14020329,2164226.3
14020328,2162916.9
14020327,2182812.2
14020324,2182106.9
14020323,2155197.7
14020322,2145415.7
14020321,2208212.5
14020320,2215058.3
14020317,2288439
14020316,2289549
14020313,2279681.8
14020310,2271042.4
14020309,2288427.1
14020308,2275394.7
14020307,2257012.8
14020306,2311221.8
14020303,2345967.5
14020302,2330799.1
14020301,2318506.5
14020231,2302705.5
14020230,2297985.8
14020227,2321336.1
14020225,2301380.1
14020224,2285904
14020223,2214024.3
14020220,2277713.1
14020219,2305838.4
14020218,2314408.4
14020217,2440167.5
14020216,2535236.5
14020213,2514673.4
14020212,2518331.8
14020211,2480639.9
14020210,2479339.7
14020209,2438553
14020206,2365287
14020205,2368712.3
14020204,2326494.3
14020130,2324132.7
14020129,2325437.4
14020128,2289287.4
14020127,2275066.7
14020126,2253946.4
14020122,2179922.1
14020121,2190307.2
14020120,2212643
14020119,2202385.5
14020116,2137464.9
14020115,2119105.9
14020114,2089951.3
14020109,2078712.3
14020108,2044408.5
14020107,2029198.2
14020106,2018760.3
14020105,1998281.4
14011228,1960457.4
14011227,1905745
14011224,1820987.6
14011223,1782987.7
14011222,1781632.1
14011221,1783197
14011220,1816738.8
14011216,1817611.5
14011215,1785669.8
14011214,1795955.2
14011213,1788214.7
14011210,1821771.1
14011209,1838119.4
14011208,1809073.8
14011207,1804300.2
14011206,1738782.3
14011203,1656593.4
14011202,1659416.5
14011201,1594262.9
14011130,1533366.5
14011126,1524795
14011125,1537961.7
14011124,1548278.2
14011123,1545978.3
14011119,1558081.6
14011118,1556525.8
14011117,1537859.1
14011116,1540189.2
14011112,1557244
14011111,1556551.9
14011110,1539679.6
14011109,1542190.7
14011108,1600083.7
14011105,1611955.9
14011104,1646053.5
14011103,1653948.6
14011102,1652924.5
14011101,1657576.7
14011028,1689144.1
14011027,1687047.7
14011026,1680675.2
14011025,1643714
14011024,1643714
14011021,1652087
14011020,1668186.9
14011019,1646905.8
14011018,1635229.2
14011017,1598061.4
14011014,1579119.3
14011013,1591353.9
14011012,1593285
14011011,1564365.7
14011010,1590495.5
14011007,1647314.5
14011005,1576396.8
14011004,1563567.4
14011003,1538003.2
14010930,1496200.8
14010929,1492095.1
14010928,1500908.6
14010927,1500241.8
14010926,1469933.2
14010923,1472760.5
14010922,1454468.2
14010921,1409355.1
14010920,1389362.2
14010919,1383737.5
14010916,1402830.4
14010915,1409404.4
14010914,1413604.7
14010913,1417839.4
14010912,1417719.8
14010909,1417371.8
14010908,1414204.6
14010907,1408348.5
14010906,1406202
14010905,1408210.9
14010902,1410188.2
14010901,1407654.1
14010830,1408597.9
14010829,1404627.2
14010828,1393086.2
14010825,1413573.7
14010824,1410423.9
14010823,1408174.3
14010822,1419140.2
14010821,1426096
14010818,1414356.2
14010817,1407734.1
14010816,1389752.6
14010815,1344675.9
14010814,1328324.1
14010811,1283540.8
14010810,1280456.2
14010809,1269833.4
14010808,1254464.8
14010807,1244627.3
14010804,1241067.1
14010803,1267060.7
14010802,1277736.9
14010801,1296797.8
14010730,1308960
14010727,1310165.9
14010726,1312563.2
14010725,1311109.9
14010724,1311288.6
14010723,1317894.2
14010720,1319789.7
14010719,1313583.9
14010718,1303920.4
14010717,1305083
14010716,1316721.1
14010712,1313853.1
14010711,1318714.2
14010710,1322025.8
14010709,1330879.1
14010706,1346563.5
14010704,1334448.1
14010702,1328185.9
14010630,1355240.9
14010629,1367060.4
14010628,1373821.4
14010627,1377917.5
14010623,1389099
14010622,1393126.7
14010621,1388970.4
14010620,1390732.4
14010619,1397434.5
14010616,1412856.5
14010615,1420834.1
14010614,1426779.6
14010613,1426908.2
14010612,1426941.2
14010609,1439396.4
14010608,1441217.1
14010607,1445139
14010606,1444086.8
14010605,1450045.2
14010602,1442372.9
14010601,1431477.2
14010531,1424490.9
14010530,1429906.8
14010529,1438819.2
14010526,1451404.1
14010525,1459500.6
14010524,1463697.6
14010523,1463653.5
14010522,1467100.6
14010519,1448464.5
14010518,1451941.9
14010515,1448922.6
14010512,1437360.8
14010511,1430021
14010510,1427605.6
14010509,1423496.7
14010508,1440855.3
14010505,1443712.6
14010504,1438448.4
14010503,1439416.8
14010502,1463758.4
14010501,1473499.1
14010429,1471898.2
14010428,1468893.1
14010426,1469832.5
14010425,1480051.2
14010422,1490051.8
14010421,1483534.7
14010420,1487597.8
14010418,1498512.7
14010415,1502603.8
14010414,1511075.5
14010413,1507156.8
14010412,1502986.2
14010411,1501631.9
14010408,1513715.5
14010407,1514434.5
14010406,1504065.4
14010405,1501340
14010404,1520334.9
14010401,1533393.9
14010331,1539632.2
14010330,1547247.2
14010329,1545962.9
14010328,1547738.5
14010325,1564334
14010324,1574065.3
14010323,1571445.2
14010322,1532387.2
14010321,1518289.8
14010318,1520298.7
14010317,1515387.7
14010316,1514310
14010311,1541980
14010310,1542711.1
14010309,1537380.3
14010308,1534057.1
14010307,1553401.9
14010304,1564487.5
14010303,1555689
14010302,1557210.6
14010301,1582222.7
14010231,1579686.7
14010228,1594977.7
14010227,1606024.3
14010226,1583800.5
14010225,1572979.8
14010224,1578410.9
14010221,1564449.1
14010220,1539530.7
14010219,1540099.2
14010218,1553041.8
14010217,1543847.5
14010212,1529717.5
14010211,1523471.2
14010210,1522439.4
14010207,1521423.3
14010206,1522868.2
14010205,1507249.3
14010204,1504715.6
14010131,1512219.1
14010130,1513105.7
14010129,1501842.6
14010128,1475058.6
14010127,1467644.8
14010124,1454129.3
14010123,1446026.9
14010122,1479493
14010121,1474113
14010120,1458772.7
14010117,1463779.7
14010116,1471438.4
14010115,1468820.1
14010114,1462003
14010110,1432106.5
14010109,1414249.5
14010108,1418651.9
14010107,1403617.9
14010106,1390859.7
14001228,1367250.3
14001225,1345018.2
14001224,1337223.2
14001223,1334776.9
14001222,1335376.4
14001221,1332933.3
14001218,1348303.3
14001217,1336569.2
14001216,1342906.7
14001215,1322598.5
14001214,1298782.7
14001211,1281190.8
14001209,1281934.2
14001208,1279292.7
14001207,1282870.8
14001204,1288310.3
14001203,1284876.1
14001202,1281589.4
14001201,1274304.7
14001130,1282190.8
14001127,1282411.4
14001125,1283324.2
14001124,1275996.2
14001123,1284061.7
14001120,1284160.1
14001119,1281075.4
14001118,1274467.5
14001117,1282050
14001116,1304411.1
14001113,1301161.5
14001112,1301234
14001111,1294619.1
14001110,1284647.4
14001109,1258995.1
14001106,1229368.4
14001105,1207926.7
14001104,1234707.7
14001103,1256512.8
14001102,1281801
14001029,1279393.9
14001028,1275966.4
14001027,1306472.1
14001026,1310804.5
14001025,1322569.8
14001022,1334265
14001021,1334703.5
14001020,1332755.6
14001019,1336820.7
14001018,1362458
14001015,1363095.8
14001014,1362828.6
14001013,1376049.3
14001012,1379041.1
14001011,1378777.4
14001008,1397311.4
14001007,1399910.9
14001006,1400314.6
14001005,1383987.9
14001004,1385504.6
14001001,1359024.5
14000930,1318359.7
14000929,1301542.3
14000928,1291675.8
14000927,1305535.5
14000924,1293237.9
14000923,1291839.4
14000922,1295550.1
14000921,1320776.7
14000920,1344441.6
14000917,1349389.3
14000916,1338016
14000915,1342353.6
14000914,1343202.7
14000913,1334765.9
14000910,1340071.9
14000909,1357128.9
14000908,1363939
14000907,1368005.2
14000906,1366713.9
14000903,1394105.7
14000902,1404551.7
14000901,1407132.9
14000830,1386935.3
14000829,1383491.9
14000826,1410778.6
14000825,1408595.7
14000824,1416298.7
14000823,1442515.7
14000822,1439244.4
14000819,1456479.9
14000818,1447674.8
14000817,1434378.9
14000816,1430892.2
14000815,1440651.5
14000812,1398416.5
14000811,1376091.9
14000810,1361414.8
14000809,1340290.8
14000808,1375669.2
14000805,1393960.8
14000804,1384452.2
14000803,1384133.5
14000801,1407758
14000728,1436357.1
14000727,1449496.9
14000726,1436916.8
14000725,1436109.9
14000724,1437465.5
14000721,1397386.1
14000720,1418683
14000719,1457493.6
14000718,1455612
14000717,1466031.4
14000714,1488264.5
14000712,1484652.8
14000711,1476680.3
14000710,1473476
14000707,1436984.3
14000706,1425447.4
14000704,1424732.3
14000703,1422118.5
14000631,1386451
14000630,1391236.1
14000629,1427773.2
14000628,1420479
14000627,1450225.4
14000624,1488212.7
14000623,1496962.7
14000622,1475224.9
14000621,1489983.3
14000620,1530461.8
14000617,1526008.3
14000616,1523059.9
14000615,1538484.5
14000614,1537192.9
14000613,1541051.8
14000610,1520627.1
14000609,1496150.8
14000608,1523969.6
14000607,1573406.5
14000606,1575762
14000603,1550208.4
14000602,1543448.3
14000601,1515923.5
14000531,1515548.6
14000524,1499923.4
14000523,1480803.6
14000520,1484627.3
14000519,1453811.7
14000518,1433201.7
14000517,1417861.9
14000516,1407762.2
14000513,1406040.3
14000512,1375647.2
14000511,1357895.2
14000510,1360246.6
14000509,1351500.1
14000506,1316504.6
14000505,1314909.1
14000504,1323354.6
14000428,1311306
14000427,1302857.2
14000426,1311241
14000423,1305495.5
14000422,1303890.1
14000421,1304336.3
14000420,1285256.4
14000419,1270744.3
14000416,1282036.1
14000415,1281187
14000414,1254561.8
14000413,1243719.1
14000412,1246111.9
14000409,1256978.2
14000408,1248516.5
14000407,1243812.3
14000406,1238487.2
14000405,1233738.1
14000402,1213054.6
14000401,1186921.5
14000331,1168664.7
14000330,1163757
14000329,1162032
14000326,1147675
14000325,1150129.2
14000324,1150203.6
14000323,1141225.9
14000322,1144955
14000319,1151846.3
14000318,1160665.6
14000317,1157205.4
14000312,1148642.7
14000311,1140475.4
14000310,1145930
14000309,1156933.8
14000308,1139534.9
14000305,1109348.8
14000304,1105454.2
14000303,1095697.7
14000302,1107915.1
14000301,1128218.2
14000229,1154844.7
14000228,1173514.3
14000227,1174659.7
14000226,1188811.1
14000225,1189595.7
14000222,1184000.3
14000221,1179527.1
14000220,1157682.9
14000219,1151896.4
14000218,1167462.4
14000215,1172262.4
14000213,1167045.1
14000212,1180663.6
14000211,1194338.6
14000208,1207850.4
14000207,1202630.4
14000206,1186956.5
14000205,1187843
14000204,1199341.7
14000201,1207047
14000131,1219589.9
14000130,1216874.3
14000129,1224795.3
14000128,1233781.8
14000125,1243358.7
14000124,1244556.7
14000123,1226158.2
14000122,1230876.5
14000121,1240696.7
14000118,1249910.4
14000117,1260785.7
14000116,1262735.3
14000115,1269478.7
14000114,1282948.7
14000111,1294521.6
14000110,1303193.7
14000108,1306887.8
14000107,1309561.6
13991227,1307707.1
13991226,1290474.5
13991225,1254213
13991224,1245186
13991223,1229377.2
13991220,1206878
13991219,1210146.7
13991218,1199888.4
13991217,1175595.8
13991216,1169724.3
13991213,1177916.9
13991212,1186277.3
13991211,1181641.2
13991210,1185603.7
13991209,1194009.9
13991206,1205832.4
13991205,1211642.8
13991204,1214482.7
13991203,1222614.3
13991202,1232716.1
13991129,1238357.4
13991128,1245882.9
13991127,1257286.2
13991126,1264368.7
13991125,1262253.7
13991121,1214416.1
13991120,1192744.4
13991119,1170532.9
13991118,1135345.5
13991115,1173010.7
13991114,1205467.1
13991113,1233667.6
13991112,1251041.7
13991111,1247152.7
13991108,1207698.3
13991107,1215033.1
13991106,1235783.1
13991105,1234557.5
13991104,1222070.6
13991101,1183978.2
13991030,1150718
13991029,1150225
13991027,1186711.2
13991024,1229836.5
13991023,1260722.5
13991022,1301325.6
13991021,1306620.7
13991020,1285892.4
13991017,1310755.8
13991016,1350233.2
13991015,1374483.2
13991014,1355351.2
13991013,1354147.1
13991010,1397797.2
13991009,1411859
13991008,1437212.3
13991007,1419012.8
13991006,1423570.2
13991003,1447915.3
13991002,1444968.9
13991001,1436392.9
13990930,1439124
13990929,1444926
13990926,1413360.4
13990925,1428324.5
13990924,1484158.9
13990923,1515759.4
13990922,1527451.8
13990919,1506217.3
13990918,1507498.7
13990917,1512891.9
13990916,1523108.5
13990915,1490676.8
13990912,1470980.1
13990911,1473667.3
13990910,1465975.3
13990909,1427278.1
13990908,1390772.8
13990905,1367248.8
13990904,1357108.6
13990903,1375541.3
13990902,1358847.5
13990901,1366535.2
13990828,1345301.4
13990827,1296947.1
13990826,1273847
13990825,1257356.9
13990824,1247649.2
13990821,1221074.8
13990820,1211941.2
13990819,1215163.9
13990818,1240523.8
13990817,1262887.1
13990814,1290571.4
13990812,1264477.6
13990811,1279862.7
13990810,1305898.7
13990807,1288330.5
13990806,1302028.5
13990805,1336587
13990803,1374057.4
13990730,1412354.7
13990729,1419305.3
13990728,1462283.2
13990727,1514272.5
13990723,1561416.1
13990722,1579675.7
13990721,1579507.3
13990720,1597125.4
13990719,1541822.8
13990716,1540700
13990715,1514698.2
13990714,1490173.1
13990713,1522980.9
13990712,1546154.7
13990709,1503426.8
13990708,1492939.8
13990707,1515930
13990706,1570888.3
13990705,1615531.2
13990702,1611582.5
13990701,1581180.1
13990631,1595160.1
13990630,1652235.7
13990629,1699494
13990626,1704108.5
13990625,1664592.8
13990624,1607587.1
13990623,1578190.1
13990622,1583753.6
13990619,1556280.3
13990618,1570010
13990617,1607195.3
13990616,1647781.8
13990615,1642007.7
13990612,1631941.3
13990611,1684786.6
13990610,1728035.3
13990605,1718783.4
13990604,1650044.3
13990603,1608581.8
13990602,1662215.4
13990601,1727239.5
13990529,1757229.2
13990528,1825353
13990527,1815754.7
13990526,1813565.7
13990525,1903267.6
13990522,1975439.7
13990521,1999843.4
13990520,2065114.3
13990519,2078546.8
13990515,2034192.5
13990514,1995044.4
13990513,1993340.2
13990512,2011524.3
13990511,1961621.8
13990508,1904324.2
13990507,1941193.5
13990506,1933935.6
13990505,1946086.2
13990504,1952910
13990501,1901147.2
13990431,1916194.1
13990430,1924845.1
13990429,1865027.5
13990428,1809172.1
13990425,1841700.7
13990424,1844907.3
13990423,1822083.1
13990422,1812843.1
13990421,1741353.7
13990418,1753642.8
13990417,1747078.6
13990416,1718350.2
13990415,1655429.6
13990414,1621343.3
13990411,1612902
13990410,1546845.4
13990409,1481938.4
13990408,1491927.7
13990407,1466277.5
13990404,1419453.5
13990403,1391025.4
13990402,1341578.8
13990401,1300812.8
13990331,1270627.1
13990327,1229673.6
13990326,1200100.4
13990325,1185421.9
13990324,1189857.9
13990321,1153679.7
13990320,1118118
13990319,1118912.1
13990318,1116186.8
13990317,1068844
13990313,1028537.8
13990312,988120.6
13990311,970412.9
13990310,973494.5
13990307,938557.2
13990306,926132.9
13990303,959840.4
13990231,986759.2
13990230,1002124.5
13990229,995180.6
13990228,968460.3
13990227,987475.2
13990224,1017662.5
13990223,1021445.2
13990222,1047763.2
13990221,1043252.5
13990220,1020217.5
13990217,977923.4
13990216,980571.1
13990215,979105.3
13990214,956199.9
13990213,917406.1
13990210,878101.2
13990209,845952.4
13990208,820505.4
13990207,797813.4
13990206,769372.7
13990203,741932
13990202,726136.7
13990201,708994.7
13990131,690037
13990130,668905.5
13990127,645762.5
13990126,626408.7
13990125,624528.5
13990124,623259.8
13990123,607855.9
13990120,597253.9
13990119,583383
13990118,569673.7
13990117,573904
13990116,567425.6
13990111,547658.5
13990110,545649.4
13990109,532525.3
13990106,521267.7
13990105,508661.5
13981228,512900.5
13981227,502429.7
13981226,506079.8
13981225,494405.7
13981224,502739.2
13981221,520211.8
13981220,519847.3
13981219,534378.4
13981217,549185.1
13981214,555167.7
13981213,544237.7
13981212,529329
13981211,515583.4
13981210,505801
13981207,523851
13981206,518512.8
13981205,503735.8
13981204,498904.5
13981203,481798
13981130,478755.7
13981129,472120.4
13981128,476812.7
13981127,472749.9
13981126,461988.4
13981123,459079.6
13981121,447151.9
13981120,454618.5
13981119,452842.3
13981116,445894.1
13981115,440199.1
13981114,438880.2
13981113,428217
13981112,426184.9
13981108,427139.4
13981107,420668
13981106,418312.5
13981105,417001.9
13981102,411211.5
13981101,406008.9
13981030,409807.8
13981029,410694.5
13981028,409962.5
13981025,399445.3
13981024,395912.6
13981023,392038.4
13981022,375650.2
13981021,359807.4
13981018,353807.7
13981017,358843.2
13981015,365815.5
13981014,367334.2
13981011,384099.6
13981010,377012.6
13981009,375547.7
13981008,369729.9
13981007,367632.1
13981004,361088.4
13981003,362259.3
13981002,359365.5
13981001,356721.1
13980930,353996.7
13980927,350322.6
13980926,346870.7
13980925,344487.6
13980924,344115.1
13980923,343291.8
13980920,339386.6
13980919,339434.4
13980918,335792
13980917,332567.2
13980916,327624.8
13980913,322527.9
13980912,320814.4
13980911,320194.8
13980910,318670.5
13980909,314587.9
13980906,311230.1
13980905,309643.3
13980904,308477.2
13980903,305774
13980902,305622.5
13980829,304997
13980828,304688.5
13980827,302726.3
13980826,302340.6
13980825,306885.8
13980822,307094.1
13980821,306655.3
13980820,303944.1
13980819,302795.1
13980818,305858.9
13980814,305333.2
13980813,304676.5
13980812,308960.9
13980811,308730.2
13980808,309661.3
13980806,305969.9
13980804,303449.8
13980801,305807.6
13980730,308314.9
13980729,302173.1
13980728,301391.1
13980724,309640.3
13980723,308978.9
13980722,319871.6
13980721,326190.8
13980720,322059.8
13980717,313049.1
13980716,314469.8
13980715,320909.7
13980714,320208.4
13980713,327305.8
13980710,326117.2
13980709,326098.1
13980708,324705.9
13980707,318250.6
13980706,320023.9
13980703,314409.2
13980702,312206.5
13980701,311471.4
13980631,302103.6
13980630,297712.6
13980627,294166.6
13980626,302082.1
13980625,305917.2
13980624,302395.7
13980623,304460.1
13980620,299930.7
13980617,296731.8
13980616,294601.6
13980613,290178.5
13980612,285573.6
13980611,283062.7
13980610,286114.8
13980609,284139.2
13980606,278674.9
13980605,278469.9
13980604,274871.8
13980603,269225.3
13980602,269986.1
13980530,266127.2
13980528,262941
13980527,260992
13980526,261405.8
13980523,261391.5
13980522,257097.2
13980520,255876.2
13980519,255306.4
13980516,255163.3
13980515,255512
13980514,256698.2
13980513,255530.2
13980512,254453.9
13980509,254445.7
13980508,252898.1
13980507,252488.3
13980506,252324.7
13980505,252275.4
13980502,252864.6
13980501,251278.3
13980431,253056.8
13980430,249661.6
13980429,246437.4
13980426,246790.4
13980425,246268.1
13980424,253303.3
13980423,253577.8
13980422,250605
13980419,249622.1
13980418,248716.1
13980417,249252.6
13980416,246447.5
13980415,245445.6
13980412,248944
13980411,248275.9
13980410,247122.5
13980409,248533
13980405,248577.8
13980404,245098.7
13980403,242568.1
13980402,237459.9
13980401,233886.1
13980329,234879.4
13980328,237148.2
13980327,238160.7
13980326,238220.2
13980325,234167.7
13980322,233352.8
13980321,230617.5
13980320,230267.7
13980319,229808.8
13980318,226888.2
13980313,226983.4
13980312,224544.4
13980311,222387.8
13980308,224476.8
13980307,223253.8
13980305,217573.9
13980304,214314.2
13980301,215168.6
13980231,215091.6
13980230,211871.7
13980229,212851.5
13980228,212747.7
13980225,211017.8
13980224,211746.4
13980223,207751.7
13980222,204069.3
13980221,209154.9
13980218,211344.1
13980217,208197.1
13980216,215820.6
13980215,224057.3
13980214,224589.6
13980211,220109
13980210,216642
13980209,214867.6
13980208,209243.9
13980207,205287.4
13980204,203776.9
13980203,202857.5
13980202,204322
13980131,204375.3
13980128,199911.3
13980127,201890.8
13980126,201805.8
13980125,196084.1
13980124,195202.7
13980121,193978.3
13980120,190425.1
13980119,188592.8
13980118,188073.8
13980117,186535.5
13980111,185281.1
13980110,185358
13980107,181542.4
13980106,179766.4
13980105,179194.3
13971228,178659.1
13971227,175898.8
13971226,172522.5
13971225,171124.9
13971222,169115.5
13971221,167909.7
13971220,167371.5
13971219,164470.4
13971218,163007.3
13971215,162827.3
13971214,162593.6
13971213,164238.6
13971212,164442.7
13971211,164370.3
13971208,165295.1
13971207,164712.2
13971206,166793.6
13971205,166030.3
13971204,164267.8
13971201,159489.5
13971130,157387.5
13971129,156705.1
13971128,156155
13971127,157113.6
13971124,157310.8
13971123,157973.3
13971121,158468.2
13971117,158535.5
13971116,158394.2
13971115,158043.9
13971114,157355.2
13971113,159855.4
13971110,160294.9
13971109,160153
13971108,159818.2
13971107,160798
13971106,162477.5
13971103,162940.9
13971102,162805.7
13971101,161922.2
13971030,165575.1
13971029,166131.1
13971026,165595
13971025,165445.5
13971024,164696.4
13971023,164493.8
13971022,164929.9
13971019,164829.4
13971018,163967.2
13971017,162323.6
13971016,161275.8
13971015,161107.4
13971012,160898.9
13971011,161840.8
13971010,161405.3
13971009,161309.8
13971008,160774
13971005,158443.7
13971004,156950.3
13971003,157484
13971002,156693.8
13971001,154550.5
13970928,156083.2
13970927,159146.4
13970926,159749.9
13970925,161708.1
13970924,164485.9
13970921,165352.1
13970920,166235
13970919,166915.9
13970918,166891.2
13970917,167083.2
13970914,166860.1
13970913,165701.7
13970912,166304.4
13970911,163138.5
13970910,159853.8
13970907,163772.1
13970906,167199.8
13970905,166463.5
13970903,171252.9
13970830,175713.2
13970829,176458.7
13970828,175816.5
13970827,173557.7
13970826,178819.3
13970823,181994.3
13970822,183212.2
13970821,182211.7
13970820,180668.3
13970819,184231.1
13970815,185100.4
13970814,184159.8
13970813,182918.6
13970812,183448.8
13970809,183367.3
13970807,183219.5
13970806,180626.9
13970805,178841.3
13970802,181060
13970801,185318.7
13970730,187778.9
13970729,189438
13970728,188575.8
13970725,182929.1
13970724,182834.1
13970723,180601.5
13970722,174826.4
13970721,175033
13970718,181015.7
13970717,180847.6
13970716,175185.5
13970715,176419.4
13970714,184085.2
13970711,185559.3
13970710,188259.4
13970709,195480.2
13970708,195104
13970707,187406.1
13970704,180635.6
13970703,174618.2
13970702,168624.7
13970701,165072.1
13970631,160538.2
13970627,157328.7
13970626,158071.9
13970625,155710.2
13970624,158119.2
13970621,155061.1
13970620,148577.6
13970619,146998.7
13970618,142234.4
13970617,139628.7
13970614,137714.2
13970613,137983.8
13970612,135257.8
13970611,133676.1
13970610,136109.7
13970607,137472.4
13970606,136765.9
13970605,140309.2
13970604,138582.6
13970603,136343.4
13970530,136910.6
13970529,137072.9
13970528,134354.8
13970527,131535.8
13970524,130476.9
13970523,130927.7
13970522,128522.7
13970521,129901.9
13970520,129013.8
13970517,131521.6
13970516,133584.4
13970515,133328.3
13970514,128448
13970513,124353.7
13970510,123951.3
13970509,121173.5
13970508,116759.5
13970507,113852.3
13970506,111877.9
13970505,108800.1
13970504,108800.1
13970503,108800.1
13970502,108395.9
13970501,108658.9
13970431,108830.8
13970430,108295.5
13970427,107776.6
13970426,107780.6
13970425,108110
13970424,108072.3
13970423,108916.6
13970420,109505.1
13970419,110849
13970417,110851.4
13970416,111051.6
13970413,112490
13970412,112346.5
13970411,109937.1
13970410,108694.1
13970409,111528.2
13970406,111324.8
13970405,113527.7
13970404,115174.5
13970403,112061.3
13970402,109401.4
13970330,108872.9
13970329,106504.1
13970328,104533.5
13970327,102452.4
13970323,99146.2
13970322,96378.7
13970321,95847.4
13970320,95915.9
13970319,96077.1
13970313,95998.8
13970312,95951.9
13970309,95577.6
13970308,95409.6
13970307,95529.6
13970306,95626
13970305,95794
13970302,95445
13970301,95229.9
13970231,95227.4
13970230,95136.4
13970229,95103.1
13970226,94940.2
13970225,94905.9
13970224,94703.4
13970223,94165.8
13970222,93891.1
13970219,93691.1
13970218,93605.8
13970217,93165.9
13970216,92849.9
13970215,93100.6
13970211,93612.1
13970210,93586.9
13970209,93805.5
13970208,94284.4
13970205,94796.1
13970204,94576.3
13970203,94299.5
13970202,94494.2
13970201,95265.8
13970129,95523.8
13970128,95522.7
13970127,95506.2
13970126,95987.5
13970122,96287
13970121,96748
13970120,97120.7
13970119,96341.2
13970118,96779.8
13970115,97150.5
13970114,97086.1
13970108,96938.8
13970107,96596.6
13970106,96489.7
13970105,96425.9
13961228,96289.9
13961227,95819.6
13961226,95577.3
13961223,95525.9
13961222,96314.1
13961221,96194.4
13961220,96028.4
13961219,96594.5
13961216,96860.3
13961215,96991
13961214,97182.6
13961213,97354.3
13961212,97388.7
13961209,97961.7
13961208,98100.8
13961207,98098.5
13961206,98080.2
13961205,98176.9
13961202,98157.3
13961130,98148.5
13961129,98311.6
13961128,98429.6
13961125,98347.9
13961124,98103.3
13961123,97924.7
13961121,97782.7
13961118,98299.7
13961117,97927.5
13961116,98033.5
13961115,97808.1
13961114,97718.8
13961111,98133.5
13961110,98557.8
13961109,99046.1
13961108,99414.5
13961107,99355.5
13961104,99522.1
13961103,99224.7
13961102,98628.4
13961101,98221
13961030,98817.2
13961027,98923.5
13961026,98596.9
13961025,97944
13961024,97228.6
13961023,96627.5
13961020,96185.9
13961019,96149.2
13961018,96332.5
13961017,96234.5
13961016,96270.3
13961013,95929.4
13961012,96241.2
13961011,96207.9
13961010,95561.5
13961009,97211.4
13961006,97899.1
13961005,98152.7
13961004,98358.4
13961003,97529.3
13961002,96816
13960929,95508.6
13960928,95590.6
13960927,95477.4
13960926,95600.7
13960925,94606.4
13960924,93283.6
13960923,93283.6
13960922,93283.7
13960921,92628.9
13960920,91552.4
13960919,91198.9
13960918,91160.3
13960914,91092.2
13960913,90936.6
13960912,90951.8
13960911,91296.7
13960908,91152.2
13960907,91255.2
13960905,90655.5
13960904,90469.5
13960901,89339.1
13960830,88774.6
13960829,88261.2
13960827,88202.3
13960824,88005.9
13960823,87949.8
13960822,87832.5
13960821,87744.7
13960820,87795.2
13960817,87897.4
13960816,87883.1
13960815,87843.7
13960814,87905.1
13960813,87868.6
13960810,87844.9
13960809,87649.9
13960808,87477.2
13960807,87416.6
13960806,86935.4
13960803,86636.8
13960802,86529.2
13960801,86346.2
13960730,86480.2
13960729,86430.5
13960726,85768
13960725,85660
13960724,85590.7
13960723,85394.9
13960722,85263.6
13960719,84744.1
13960718,84734.4
13960717,84611.6
13960716,84564.9
13960715,85069.5
13960712,85429.5
13960711,85355
13960710,85514.9
13960705,85819
13960704,85628.8
13960703,85516.9
13960702,85588.8
13960701,85798.4
13960629,85831.8
13960628,85343.9
13960627,84414.5
13960626,83916.6
13960625,83683.2
13960622,83523.8
13960621,83469.2
13960620,83369.1
13960619,83255.7
13960615,83675.3
13960614,83733.5
13960613,83452.1
13960612,83345.2
13960611,83428.2
13960608,83272.9
13960607,83252
13960606,83012.1
13960605,82885
13960604,82897.1
13960601,82541.8
13960531,82372.4
13960530,82075
13960529,82016.2
13960528,81954.9
13960525,81741.9
13960524,81696.3
13960523,81659.3
13960522,81661.5
13960521,81763.1
13960518,81579.3
13960517,81313.9
13960516,81285.7
13960515,81384.1
13960511,81265.9
13960510,81415.9
13960509,81533.5
13960508,81491.4
13960507,81420.9
13960504,81509.3
13960503,81181.7
13960502,80933.9
13960501,80863
13960431,80670.8
13960428,80162.5
13960427,79735.7
13960426,79692.9
13960425,79620.8
13960424,79658.9
13960421,79509.6
13960420,79490.4
13960419,79377
13960418,78985.4
13960417,78881.6
13960414,78700.2
13960413,78632.5
13960412,78659.2
13960411,78765.3
13960410,78799.7
13960407,78704.5
13960404,78665.5
13960403,78652.7
13960331,78736.2
13960330,78867.5
13960329,78859.2
13960328,78990.4
13960327,79285
13960324,79465.7
13960323,79426.9
13960322,79564.1
13960321,79870.7
13960320,79855.7
13960317,79758.5
13960316,80293.5
13960313,80288.9
13960310,80513.3
13960309,80511.5
13960308,80607.9
13960307,80713.2
13960306,80921.2
13960303,81146.2
13960302,81124.4
13960301,81124.4
13960231,81194
13960230,81077.6
13960227,80344.2
13960226,80129.3
13960225,79957.5
13960224,79963
13960223,80142
13960220,80127.1
13960219,79858.8
13960218,79744.1
13960217,79660.9
13960216,79697.4
13960213,79969.2
13960212,79942.1
13960211,79826.6
13960210,79785
13960209,79755.6
13960206,79596.9
13960204,79425.9
13960203,79390.6
13960202,79302.7
13960130,78651.4
13960129,78339.8
13960128,78247.5
13960127,78471.7
13960126,78383.3
13960123,78132.4
13960121,78107.8
13960120,77860.4
13960119,77804.7
13960116,77689.9
13960115,77647.1
13960114,77616.8
13960109,77584.4
13960108,77548.5
13960107,77523.3
13960106,77502.9
13960105,77485.8
13951228,77230
13951225,76737.9
13951224,76639
13951223,76332
13951222,76329
13951221,76315.6
13951218,76285.5
13951217,76800.4
13951216,76789.7
13951215,76766.9
13951214,77135.1
13951211,77475.2
13951210,77602.3
13951209,77590.7
13951208,77574.7
13951207,77863.5
13951204,77847.2
13951203,77800.2
13951202,77698.2
13951201,77658.6
13951130,77599.1
13951127,77189.7
13951126,77000.2
13951125,76975.5
13951124,76827.7
13951123,76816.8
13951120,76792.8
13951119,76766
13951118,76678.7
13951117,76616
13951116,76825.7
13951113,77414.9
13951112,77975.4
13951111,77961.4
13951110,77707.3
13951109,77714.1
13951106,78049
13951105,78249.1
13951104,79263.5
13951103,79218
13951102,79206.6
13951029,79382.2
13951028,79280.4
13951027,79084.2
13951026,79073.2
13951025,78876.2
13951022,78622
13951020,78609.5
13951019,78833.4
13951018,78826.5
13951015,78990.3
13951014,78983.7
13951013,78968.9
13951012,78896
13951011,79486.6
13951008,79691.8
13951007,79800.8
13951006,79966.5
13951005,79898.9
13951004,80161.2
13951001,80250
13950930,80122.7
13950929,80413.1
13950928,80709
13950924,80683.6
13950923,80741.2
13950922,80915.5
13950921,80925.9
13950920,81250.5
13950917,81341.6
13950916,80830.5
13950915,80081.2
13950914,80063.7
13950913,80058.8
13950909,80018.6
13950907,79625.9
13950906,79541.4
13950903,79385.6
13950902,79393.8
13950901,79319
13950829,79278.6
13950826,79268.4
13950825,79236.2
13950824,79341.5
13950823,79048.5
13950822,79010.7
13950819,78411.6
13950818,79871.4
13950817,79632.3
13950816,79137.5
13950815,79253.5
13950812,79670.9
13950811,79659.2
13950810,80263.7
13950809,80339.2
13950808,80340.7
13950805,79299.6
13950804,78761.9
13950803,78568.8
13950802,78370.3
13950801,78387.2
13950728,78091.5
13950727,77849.5
13950726,77707.2
13950725,77569.1
13950724,77886.4
13950719,77655.1
13950718,77435.8
13950717,77217
13950714,77183
13950713,77335.3
13950712,77265.3
13950711,77287.6
13950710,77478.8
13950707,77300.3
13950706,77143.1
13950705,77089.8
13950704,77081.5
13950703,76906.9
13950631,76450.9
13950629,76272.6
13950628,76166.7
13950627,76104.9
13950624,76455.4
13950623,76444.2
13950621,76643.9
13950620,76640.3
13950617,76742.2
13950616,76669.6
13950615,76522.2
13950614,76509.4
13950613,76747
13950610,77167.9
13950609,77358.6
13950608,77345.6
13950607,77313.6
13950606,77757.6
13950603,78081.5
13950602,77964
13950601,78086.1
13950531,78086.4
13950530,77968.7
13950527,77879
13950526,77855.5
13950525,77828.8
13950524,78205.1
13950523,78218.8
13950520,78190.5
13950519,78368.4
13950518,78324.9
13950517,78704.6
13950516,78324.9
13950513,77856.5
13950512,77089.8
13950511,76647.4
13950510,76579.7
13950506,76225.7
13950505,75501
13950504,75466.5
13950503,75183.9
13950502,74934.3
13950430,74514.1
13950429,74313.6
13950428,74196.9
13950427,74194.8
13950426,73868
13950423,73763
13950422,73736
13950421,73816.7
13950420,73764.2
13950419,73716.6
13950415,74049.1
13950414,73947.2
13950413,74064
13950412,73965.5
13950409,73940.3
13950408,74190.5
13950406,73743.5
13950405,73672
13950402,73644.8
13950401,72799.2
13950331,72615
13950330,73027.9
13950329,73906.5
13950326,73877.1
13950325,73959.7
13950324,74700.5
13950323,74817.8
13950322,74850.1
13950319,75876.2
13950318,75874.5
13950317,76128.6
13950316,76160.6
13950312,76084.2
13950311,76144.2
13950310,76431.5
13950309,76387
13950308,76690.6
13950305,76853
13950304,76692.8
13950303,76613.9
13950301,76448.3
13950229,76413.3
13950228,76292.9
13950227,75980.5
13950226,75863.2
13950225,76138.6
13950222,75982.6
13950221,76630.4
13950220,77106
13950219,77045.3
13950218,77423.9
13950215,78033.8
13950214,78044.4
13950213,78285.4
13950212,78384.4
13950211,78414.6
13950208,78404.7
13950207,78394.4
13950206,78688.4
13950205,78448.3
13950204,78281.7
13950201,78269
13950131,78430.9
13950130,78435.4
13950129,77516.2
13950128,77984.8
13950125,79588.3
13950124,80109.3
13950123,80262.4
13950122,80280.7
13950121,80654
13950118,80752.7
13950117,80965.8
13950116,80872.1
13950115,80852.7
13950114,81536.9
13950111,81480.4
13950110,80561.3
13950109,80935.7
13950108,81261
13950107,81200.3
13941226,80219.4
13941225,80037.5
13941224,80236.7
13941222,79366.5
13941219,78312.1
13941218,78220
13941217,78158.4
13941216,78093
13941215,78022.2
13941212,77697.8
13941211,77648.8
13941210,77539.2
13941209,77733.8
13941208,78228.3
13941205,77840.2
13941204,77704
13941203,77587.7
13941202,77234.9
13941201,77560.9
13941128,77888
13941127,77141.6
13941126,77377.5
13941125,76709.5
13941124,76594.2
13941121,77497.9
13941120,78199.1
13941119,75783.8
13941118,74569.4
13941117,74103.6
13941114,73684
13941113,73725.5
13941112,72912.8
13941111,71118.8
13941110,71393.9
13941107,71011
13941106,70999.5
13941105,68857.5
13941104,67740.1
13941103,66960.4
13941030,66562.5
13941029,66118.1
13941028,65119.5
13941027,65424.1
13941026,64860.9
13941023,63516.9
13941022,62841.2
13941021,62788.7
13941020,62461
13941019,62655
13941016,62632.8
13941015,62055.9
13941014,61728.1
13941013,61710.2
13941012,61700.1
13941009,61691
13941007,61469.3
13941006,61455.3
13941005,61436.9
13941002,61420.7
13941001,61414.2
13940930,61518.5
13940929,61501.5
13940928,61734
13940925,62147.3
13940924,62233.3
13940923,62216.3
13940922,62310.7
13940918,62409.8
13940917,62392.4
13940916,62374.8
13940915,62420.2
13940914,62577.1
13940910,62550
13940909,62647.7
13940908,62639.1
13940907,62635.4
13940904,62734.6
13940903,62720.9
13940902,62795.7
13940901,62923.9
13940830,62889
13940827,62871.3
13940826,63013.6
13940825,63108.6
13940824,63083.5
13940823,63070.6
13940820,63056.4
13940819,63044.3
13940818,63035.7
13940817,62999.2
13940816,63000.4
13940813,62927.4
13940812,62811.6
13940811,62855.7
13940810,62942.7
13940809,62948.6
13940806,62923.7
13940805,62923
13940804,62803.3
13940803,62792.8
13940729,63175
13940728,63142
13940727,63126.7
13940726,63071.4
13940725,62799.1
13940722,61973.3
13940721,61434.4
13940720,61296.6
13940719,61287.1
13940718,61396.9
13940715,61389.8
13940714,61209.8
13940713,61233.6
13940712,61163.7
13940711,61217.4
13940708,61498.3
13940707,61578.8
13940706,61568.9
13940705,61563
13940704,61530.9
13940701,61686
13940631,61576.8
13940630,61328
13940629,61553.2
13940628,62254.7
13940625,62264.5
13940624,62536.5
13940623,62993
13940622,62958.2
13940621,63482.5
13940618,63467.7
13940617,64511.7
13940616,64518.4
13940615,64506.6
13940614,64497
13940611,64276.2
13940610,64251
13940609,64225.8
13940608,64467.3
13940607,64451.3
13940604,64206.2
13940603,64197.3
13940602,64651.6
13940601,64881.4
13940531,65225
13940528,65218.3
13940527,65189.4
13940526,65302.5
13940525,65239.9
13940524,65314.3
13940521,65703.3
13940519,65903.1
13940518,65973.5
13940517,66000.9
13940514,66451
13940513,66445.7
13940512,66626.7
13940511,66530.5
13940510,66829.7
13940507,66780.7
13940506,66489.5
13940505,66441.4
13940504,66977.4
13940503,67036.3
13940431,67643.9
13940430,68050.7
13940429,68148.4
13940428,68827.7
13940424,68827.7
13940423,69433.5
13940422,69194.5
13940421,67646.4
13940420,66817.8
13940416,66761.4
13940415,66019.9
13940414,65780.1
13940413,65860.8
13940410,64861.8
13940409,64922.6
13940408,64332.9
13940407,64301.4
13940406,64812.2
13940403,64857.6
13940402,64839.5
13940401,64276.5
13940331,63810.7
13940330,63836.2
13940327,63559.7
13940326,62558.9
13940325,62442
13940324,62653.3
13940323,62571.2
13940320,62322.2
13940319,62317.9
13940318,62952.3
13940317,63187.3
13940316,63297.6
13940312,63289.8
13940311,63227
13940310,63227.9
13940309,63419.9
13940306,63402.1
13940305,63419.1
13940304,63496.5
13940303,63363.8
13940302,63427.8
13940230,63703.1
13940229,63644.3
13940228,63522.8
13940227,63465.1
13940223,63531.4
13940222,63316
13940221,63069.8
13940220,62885.9
13940219,63530.2
13940216,64069.1
13940215,64168.1
13940214,64415.8
13940213,65088.3
13940209,65634.1
13940208,65508.2
13940207,65576.8
13940206,66208.9
13940205,66540.6
13940202,66569.2
13940201,66828.6
13940131,67016.7
13940130,67378.8
13940129,67374
13940126,68078.8
13940125,68465.3
13940124,68454.1
13940123,68783.9
13940122,70022.8
13940119,70684.7
13940118,70159.9
13940117,70843.9
13940116,70261.7
13940115,67827
13940111,65728
13940110,65175.1
13940109,65099.9
13940108,63625.5
13940105,62885
13931227,62531.8
13931226,61532.9
13931225,65122.8
13931224,64980.6
13931223,64610.3
13931220,64070.7
13931219,63852.8
13931218,63846.7
13931217,63806.7
13931216,63911.1
13931213,64014.9
13931212,63996
13931211,63954.8
13931210,63860.1
13931209,63950.9
13931206,64051.7
13931205,64525.8
13931204,64678.4
13931203,64719.9
13931202,64867.1
13931129,64720
13931128,64811.2
13931127,64993.6
13931126,64926.8
13931125,64932.1
13931121,64840.9
13931120,64917.5
13931119,65366.3
13931118,65787.2
13931115,65771.6
13931114,65597.4
13931113,65555.9
13931112,65544.7
13931111,65542.8
13931108,65256.1
13931107,65127.7
13931106,65114.1
13931105,65105
13931104,65029.1
13931101,65028.9
13931030,65564.7
13931029,65835
13931028,66319.2
13931027,66273.3
13931024,65939.1
13931023,65929.1
13931022,66000.1
13931021,65512.8
13931020,66197.9
13931017,66902
13931016,67471
13931015,68232.1
13931014,68650.6
13931013,68829.9
13931010,68973.1
13931009,69254.5
13931008,69424
13931007,69625.5
13931006,69705
13931003,70153.5
13931001,70094.4
13930929,69537.5
13930926,69494.8
13930925,69608.6
13930924,69542.6
13930923,70291.6
13930919,71043
13930918,71381.7
13930917,71376.6
13930916,71170
13930915,71712
13930912,71860.2
13930911,72258.5
13930910,72120.7
13930909,72189.5
13930908,73245.1
13930905,74076.1
13930904,74740.9
13930903,75949
13930902,75389.6
13930901,75042.6
13930828,75248.4
13930827,75409.4
13930826,75965.9
13930825,75930.8
13930824,75946.5
13930821,76589.4
13930820,76708
13930819,76560.8
13930818,76553.4
13930817,76420.5
13930814,76166.6
13930811,75368.6
13930810,75028
13930807,74151.1
13930806,73967.8
13930805,73958.9
13930804,73940.8
13930803,74152
13930730,74132.8
13930729,74109.1
13930728,73550.4
13930727,72281
13930726,72016.5
13930723,71978.6
13930722,71893.1
13930720,71791.5
13930719,71771.7
13930716,71783.7
13930715,71718.9
13930714,71821.5
13930712,71670.1
13930709,71640.5
13930708,71664
13930707,71675.2
13930706,71643.7
13930705,71702.2
13930702,71788.1
13930701,71726.5
13930631,71685.8
13930630,71545.3
13930629,71445
13930626,71443.6
13930625,71408.3
13930624,71402.3
13930623,71386.7
13930622,71486
13930619,71925.4
13930618,71930.1
13930617,71815.2
13930616,71665.4
13930615,71822.4
13930612,72121.5
13930611,72232.4
13930610,72339.8
13930609,72778.4
13930608,72941.8
13930605,73312.2
13930604,73540.9
13930603,73499.9
13930602,73529.5
13930601,73868
13930529,73905.7
13930528,73902.6
13930527,73906.8
13930526,73952.6
13930525,74051
13930522,74363
13930521,74455.1
13930520,74547.5
13930519,74398.9
13930518,74398.6
13930515,74613.8
13930514,74697.5
13930513,74709.2
13930512,74637.4
13930511,74841
13930506,74997.6
13930505,74848
13930504,74840.3
13930501,74841.6
13930431,74526.1
13930430,73890.5
13930429,73750.2
13930425,73754.2
13930424,73457.9
13930423,73347.4
13930422,73226.2
13930421,73555.9
13930418,73416.4
13930417,73025
13930416,71916.6
13930415,71960.2
13930414,72162.2
13930411,70876.6
13930410,70423
13930409,70341.5
13930408,70970.3
13930407,71662
13930404,72249.9
13930403,72344.4
13930402,72544.9
13930401,72900.8
13930331,72969
13930328,72873.1
13930327,72638
13930326,72748.8
13930325,72631.8
13930324,73516
13930321,74499.1
13930320,74836.7
13930319,75240.5
13930318,75353.5
13930317,75329.5
13930313,75102.8
13930312,74735.9
13930311,74543.4
13930310,75687.1
13930307,76067.8
13930305,76212
13930304,76394.2
13930303,76703.9
13930231,76767.6
13930230,76634.4
13930229,76528.9
13930228,76987.5
13930227,76901.8
13930224,77610.2
13930222,77596.4
13930221,77734.2
13930220,77931
13930217,77752.4
13930216,77717.3
13930215,77763.8
13930214,77569.2
13930213,77939
13930210,78164.3
13930209,78151.3
13930208,78131.1
13930207,77923.6
13930206,77404.1
13930203,75980.5
13930202,75735.2
13930201,75035.3
13930131,74160
13930130,73637.8
13930127,74161.2
13930126,73847.6
13930125,73973.4
13930124,74920.7
13930123,76501.8
13930120,77423.9
13930119,77817.5
13930118,77418.6
13930117,77634.7
13930116,78547.7
13930111,78741.3
13930110,78469.2
13930109,78239.7
13930106,78619.4
13930105,79013.5
13921228,79015.4
13921227,78968.1
13921226,78430.8
13921225,77816.2
13921224,77191.3
13921221,76583.4
13921220,76582.7
13921219,77219.5
13921218,77515.6
13921217,78231
13921214,78447.2
13921213,78072.6
13921212,78518.8
13921211,79584.1
13921210,80105
13921207,79785.5
13921206,80087.4
13921205,80849.8
13921204,81281.6
13921203,81325
13921130,80986.5
13921129,80435.7
13921128,80603
13921127,79769.2
13921126,79153.1
13921123,79136.6
13921121,80240.3
13921120,80949.5
13921119,81066.8
13921116,82214.3
13921115,83170.6
13921114,83165
13921113,83606.5
13921112,84164.7
13921109,82797.7
13921108,81644.4
13921107,80861.4
13921106,81905.6
13921105,82670.3
13921102,82028.8
13921101,83252.4
13921030,83641.5
13921028,84973.2
13921025,85700.6
13921024,87102.6
13921023,87112.9
13921022,85404.1
13921021,87792.7
13921018,88069
13921017,88749.3
13921016,89355.7
13921015,89500.6
13921014,88926.7
13921011,88313.4
13921009,87451.9
13921008,87425.2
13921007,87691.7
13921004,88190.7
13921003,88113.7
13921001,87015.5
13920930,86957.1
13920927,87726.2
13920926,87646.1
13920925,88112.5
13920924,87024.1
13920923,85691.1
13920920,86511.2
13920919,85962.2
13920918,85310.4
13920917,85149.9
13920916,84659.4
13920913,84211.4
13920912,83775.6
13920911,83706.5
13920910,84384.9
13920909,83572.5
13920906,82129.8
13920905,81549.5
13920904,81186.8
13920903,80022.2
13920902,78874.5
13920829,78424.1
13920828,78142
13920827,77328.1
13920826,77214.2
13920825,77673
13920821,76932.9
13920820,76895.9
13920819,77118.9
13920818,76959.9
13920815,75868.9
13920814,74438.1
13920813,73733.6
13920812,73766.2
13920811,73504.8
13920808,73553.2
13920807,73167.4
13920806,72215
13920805,72201
13920804,73549.8
13920801,73030.7
13920730,72997.7
13920729,73636.1
13920728,73335.6
13920727,74400.2
13920723,72766.5
13920722,71471.8
13920721,70951.5
13920720,69703.5
13920717,68461.5
13920716,67505.3
13920715,67019
13920714,66997.7
13920713,66662.5
13920710,66506.3
13920709,66350
13920708,65720
13920707,65328.8
13920706,64695.4
13920703,63455.3
13920702,63010.2
13920701,62904.8
13920631,61707.2
13920630,62053.2
13920627,60964.1
13920626,60056.4
13920625,59347.7
13920624,59401.5
13920623,59117.4
13920620,59164.6
13920619,58190.4
13920618,57035.4
13920617,57198.1
13920616,57491.6
13920613,58146.1
13920612,58962.9
13920610,59057
13920609,58561
13920606,58727.3
13920605,60002.4
13920604,60675.7
13920603,61163.5
13920602,59552.8
13920530,59281.6
13920529,59568
13920528,60052.2
13920527,59938.6
13920526,60410.3
13920523,59610.2
13920522,59754.8
13920521,59608.5
13920520,58889.9
13920516,58142.6
13920515,57674.8
13920514,57415.9
13920513,57264.4
13920512,57397.2
13920509,57168.2
13920507,56400.2
13920506,56551.9
13920505,56290.3
13920502,56426.3
13920501,55942.4
13920431,55329.3
13920430,55101
13920429,54872.3
13920426,54433.6
13920425,54235.9
13920424,54509.3
13920423,54298.7
13920422,54744
13920419,55069.7
13920418,54534.2
13920417,54616
13920416,54768.6
13920415,54289.7
13920412,52735.2
13920411,51846.3
13920410,52244.1
13920409,51321.3
13920408,50471.1
13920405,49427.4
13920404,48634
13920402,48631.1
13920401,48539.3
13920329,48916.7
13920328,48783
13920327,48333.3
13920326,47817.9
13920325,46623
13920322,45671.9
13920321,45553.4
13920320,45206.5
13920319,45199.1
13920318,45488.2
13920313,45590
13920312,45247.8
13920311,44945.1
13920308,45162.2
13920307,44470.7
13920306,44107.4
13920305,43910.7
13920304,43485.2
13920301,42777.2
13920231,42855.7
13920230,43047.3
13920229,42795.5
13920228,43301
13920225,43864.3
13920224,44129
13920223,44963.3
13920222,45512.7
13920221,45091.4
13920218,44683.9
13920217,44707.4
13920216,44943.7
13920215,44897.9
13920214,44993.5
13920211,44537.1
13920210,43994.3
13920209,43192.3
13920208,42507.7
13920207,42334.2
13920204,42052.4
13920203,41583.8
13920202,41133
13920201,40506
13920131,40550.8
13920128,40747.6
13920127,40834.9
13920126,40621
13920124,40255.1
13920121,40533
13920120,40606.6
13920119,40068
13920118,39915.6
13920117,40134.3
13920114,40151.1
13920111,39990.2
13920110,39714.9
13920107,39741.8
13920106,39351.1
13920105,38602.6
13911228,38040.8
13911227,37516.1
13911226,37854.8
13911223,37998.7
13911222,37268.4
13911221,37193.6
13911220,37101
13911219,36585.5
13911216,36925.1
13911215,36950.6
13911214,37135.9
13911213,37156.1
13911212,37437.2
13911209,37811.6
13911208,37573.7
13911207,37350.6
13911206,37931.1
13911205,38325.8
13911202,38479.2
13911201,38550.8
13911130,38739.4
13911129,38710.3
13911128,38655
13911125,38611.4
13911124,38640.1
13911123,38394.3
13911121,38205.4
13911118,36913.3
13911117,36505.6
13911116,36447
13911115,36761.1
13911114,36801.4
13911111,36554.9
13911109,36674.7
13911108,36723.3
13911107,37409.4
13911104,37233.7
13911103,36594
13911102,37284
13911101,37627.5
13911030,37898.8
13911027,38343.6
13911026,38322.5
13911025,38082.8
13911024,37786.2
13911020,37441.5
13911019,37314.9
13911018,37077
13911017,37059
13911013,37648.5
13911012,37987
13911011,37860.6
13911010,37116.3
13911009,37622.4
13911006,37798.8
13911005,37366.4
13911004,37530.7
13911003,36829.3
13911002,36040.5
13910929,35760.3
13910928,35106.2
13910927,34669.5
13910926,34090.9
13910925,33949.3
13910922,33687
13910921,33889.4
13910920,33760.8
13910919,33612.6
13910918,33659.9
13910915,33282
13910914,33073.4
13910913,33015.7
13910912,33113.5
13910911,32741.5
13910908,32339.5
13910907,32018.1
13910906,31608.9
13910901,31259.5
13910830,31140.9
13910829,31096.5
13910828,31271.2
13910827,31260.3
13910824,31336.4
13910823,31215
13910822,30978.8
13910821,31015.6
13910820,31220.1
13910817,31282.9
13910816,30940.3
13910815,30736.6
13910814,31205.2
13910810,31082.4
13910809,31331.6
13910808,31221.5
13910807,31160.1
13910806,31121.7
13910803,30749.3
13910802,30615.7
13910801,30671.6
13910730,30211.4
13910729,29992.6
13910726,29502
13910725,29248.2
13910724,28981.3
13910723,28656.1
13910722,28557.9
13910719,28845.7
13910718,29032.5
13910717,29014.1
13910716,28858.6
13910715,28862.9
13910712,29098.5
13910711,28667.1
13910710,28788.8
13910709,29207.1
13910708,28828.7
13910705,28132.2
13910704,27440.1
13910703,27080.7
13910702,27127.1
13910701,26875.3
13910629,26514.5
13910628,26556.9
13910627,26470.6
13910626,26217.2
13910625,26283.7
13910621,25889.2
13910620,25735.1
13910619,25569.2
13910618,25791.9
13910615,25659.9
13910614,25384
13910613,25055
13910612,24730.1
13910606,24649
13910605,24586.5
13910604,24523.2
13910601,24339.2
13910531,24279.1
13910528,24144.7
13910525,24125.3
13910524,24102.1
13910523,24049.7
13910522,24024.2
13910521,23957.2
13910518,23787.3
13910517,23855.1
13910516,24001
13910515,24108.5
13910514,24332.6
13910511,24546.7
13910510,24584
13910509,24550.4
13910508,24747.4
13910507,25023.3
13910504,25088.8
13910503,25094.3
13910502,25029.5
13910501,24996
13910431,25021.2
13910428,25039.2
13910427,25021.3
13910426,25159.7
13910425,25296.1
13910424,25431.5
13910421,25388.1
13910420,25307.5
13910419,25279.2
13910418,25354.3
13910417,25445.5
13910414,25428.5
13910413,25438
13910412,25345.5
13910411,25227.2
13910410,25170.7
13910407,25054.6
13910406,25325
13910405,25558.4
13910404,25681.1
13910403,25938.1
13910331,26165.9
13910330,26291.8
13910328,26325.5
13910327,26406.7
13910324,26439.1
13910323,26440.5
13910322,26411.8
13910321,26264.8
13910320,26365.2
13910317,26635.6
13910316,26693
13910313,26735.4
13910310,26755.9
13910309,26803.6
13910308,26848.7
13910307,26905
13910306,26909.5
13910303,27091.2
13910302,26912.7
13910301,26845.8
13910231,26667.7
13910230,26652.1
13910227,26652.6
13910226,26677.3
13910225,26715.2
13910224,26658
13910223,26743.8
13910220,26871.9
13910219,26870.5
13910218,26886.3
13910217,26932.2
13910216,26935.7
13910213,26964.8
13910212,26969.8
13910211,26960
13910210,26953.8
13910209,27010.1
13910205,27129.9
13910204,27085.3
13910203,27169.3
13910202,27211.7
13910130,27259.9
13910129,27185.6
13910128,27245.6
13910127,27281.2
13910126,26896.8
13910123,26757.8
13910122,26664.1
13910121,26482.6
13910120,26491.8
13910119,26383.4
13910116,26300.3
13910115,26327
13910114,26484.8
13910109,26576.2
13910108,26533
13910107,26408.7
13910106,26502.3
13910105,26280.5
13901228,25905.6
13901227,25607.2
13901224,25481.5
13901223,25265.3
13901222,25300
13901221,25491.1
13901220,25457.6
13901217,25400.2
13901216,25307.9
13901215,25320.1
13901214,25417.9
13901213,25365.5
13901210,25354.5
13901209,25244.4
13901208,25098.4
13901207,24976.9
13901206,24936.1
13901203,25012.6
13901202,25035.2
13901201,24923.2
13901130,24878.3
13901129,24848.9
13901126,24829.3
13901125,24946.4
13901124,25279.8
13901123,25320.7
13901119,25371.7
13901118,25436.6
13901117,25579.8
13901116,25717.6
13901115,25907
13901112,25878.2
13901111,25913.8
13901110,25912.9
13901109,25931.3
13901108,25723
13901105,25540.5
13901103,25620.7
13901101,25772.3
13901028,25811.2
13901027,25692.8
13901026,25903.4
13901025,25755.3
13901021,25440.3
13901020,25207.4
13901019,25082.7
13901018,24854.9
13901017,24887.9
13901014,24839.1
13901013,24507
13901012,24323.7
13901011,24400.9
13901010,24403.1
13901007,24320.8
13901006,24327.2
13901005,24377.3
13901004,24455.1
13901003,24456.7
13900930,24494
13900929,24588.5
13900928,24638.2
13900927,24604
13900926,24528.3
13900923,24590.7
13900922,24618.1
13900921,24554.9
13900920,24546.3
13900919,24688.2
13900916,24662.6
13900913,24356.9
13900912,24116.6
13900909,24016.5
13900908,24089.2
13900907,23977.7
13900906,24056.4
13900905,24468.2
13900902,24568.2
13900901,24881
13900830,25207.2
13900829,25298.3
13900828,25366.7
13900825,25366.4
13900823,25366.6
13900822,25372.6
13900821,25462.7
13900818,25394.2
13900817,25328.6
13900815,25589.5
13900814,25874.2
13900811,26001.5
13900810,25924.9
13900809,25910
13900808,25911.3
13900807,25953.3
13900804,25915.4
13900803,25924.8
13900802,25875
13900801,26049.6
13900730,26150.8
13900727,26207.7
13900726,26158.8
13900725,26159.4
13900724,26291.2
13900723,26668.3
13900720,26844.2
13900719,26903
13900718,26819.4
13900717,26868.8
13900716,26912.8
13900713,26863.5
13900712,26756.3
13900711,26663.6
13900710,26672.7
13900709,26708.2
13900706,26792.7
13900705,26692.9
13900704,26571.9
13900703,26764.8
13900630,26962.2
13900629,26847.4
13900628,26866.9
13900627,26885
13900626,26855
13900623,26836.3
13900622,26933.1
13900621,27058.9
13900620,27099.9
13900619,27098.4
13900616,26930.2
13900615,26714.7
13900614,26360.8
13900613,26254.6
13900612,26083.4
13900608,25822
13900607,25621.7
13900606,25475.1
13900605,25555.6
13900602,25475.7
13900601,25389.3
13900530,25217
13900529,25231.6
13900526,25237.6
13900525,25090.5
13900524,25059.3
13900523,25092.8
13900522,24997
13900519,24875.8
13900518,24596.7
13900517,24970.8
13900516,24923.6
13900515,25008.1
13900512,25316.3
13900511,25284.5
13900510,25270
13900509,25110.8
13900508,25297.8
13900505,25471.8
13900504,25434.6
13900503,25325.4
13900502,25181.7
13900501,24809.6
13900429,24602
13900428,24494.6
13900427,24460.7
13900425,24348.9
13900422,24286.7
13900421,24387.1
13900420,24503.8
13900419,24541.1
13900418,24716.9
13900415,24801.1
13900414,24816.6
13900413,24698.3
13900412,24742.7
13900411,24742.2
13900408,24503.5
13900407,24180.5
13900406,24148.6
13900405,24674.9
13900404,25023.5
13900401,25126.1
13900331,25181.6
13900330,25120.9
13900329,25214.1
13900328,25187.4
13900325,24854.8
13900324,25043.3
13900323,25237.5
13900322,25121.7
13900321,25245.1
13900318,25286.5
13900317,25123.1
13900316,25291.8
13900310,25120.9
13900309,24865.3
13900308,24600.6
13900307,25043.4
13900304,25290.7
13900303,25861.9
13900302,26059.8
13900301,26055.5
13900231,26155.6
13900228,25940.8
13900227,25773.4
13900226,25759.7
13900225,25908.5
13900224,26033.6
13900221,26002.8
13900220,26041.7
13900219,25752.7
13900218,25366.6
13900214,25520.2
13900213,25211.2
13900212,25037.7
13900211,24685.3
13900210,25321.7
13900207,25781.8
13900206,26273.6
13900205,26261.5
13900204,26539.7
13900203,26610.1
13900131,26481.5
13900130,26215.4
13900129,26429.2
13900128,26446.6
13900127,26675.9
13900124,26541.9
13900123,26412.7
13900122,26145.2
13900121,26002.6
13900120,26222.7
13900117,25885.1
13900116,25550.4
13900115,25023.3
13900114,24543.6
13900110,24486
13900109,24486.6
13900108,24287.8
13900107,24199.8
13900106,23756.3
13891228,23294.9
13891225,22803.8
13891224,22455.7
13891223,22236.9
13891222,22008.8
13891221,21895.2
13891218,22062.6
13891217,22033.2
13891216,21891.8
13891215,21929.3
13891214,21843.2
13891211,21694
13891210,21472.9
13891209,21663.3
13891208,21900.5
13891207,21867.9
13891204,21749.5
13891203,21739.4
13891201,21762.2
13891130,22090.3
13891127,22188.3
13891126,22270.4
13891125,22260.4
13891124,22136.5
13891123,22000.5
13891120,21929
13891119,21867.4
13891118,21944.4
13891117,21840
13891116,21810.7
13891112,21349.4
13891111,20997.1
13891110,20877.6
13891109,20905.9
13891106,20684.8
13891104,20462.6
13891103,20416
13891102,20352.7
13891029,20206.6
13891028,19937.9
13891027,19904.7
13891026,19830.6
13891025,19705.3
13891022,19759.1
13891021,19778.6
13891020,19690.9
13891019,19699.9
13891018,19451.5
13891015,19361.5
13891014,19200.4
13891013,19021
13891012,18898.1
13891011,18849.1
13891008,18855.2
13891007,18771.4
13891006,18689
13891005,18723.1
13891004,18585.8
13891001,18398.9
13890930,18353.1
13890929,18249.7
13890928,18203.4
13890927,18366.4
13890923,18414.3
13890922,18414.7
13890921,18443.7
13890920,18460.3
13890917,18371.2
13890916,18317.3
13890915,18291.9
13890914,18319.3
13890913,18292.4
13890910,18280
13890909,18242.6
13890908,18284.7
13890907,18404.5
13890906,18427.7
13890903,18289.2
13890902,18226.6
13890901,18257.8
13890830,18133.7
13890829,18062.5
13890825,18021
13890824,18035.6
13890823,18042.1
13890822,18044.3
13890819,18113.4
13890818,18038.5
13890817,17969.5
13890816,18015.9
13890815,18089.8
13890812,17976.7
13890811,17960.5
13890810,17972.9
13890809,18011
13890808,18034.9
13890805,17956.4
13890804,18006.1
13890803,18035.9
13890802,18163.7
13890801,18324.6
13890728,18229.5
13890727,18292.9
13890726,18343.8
13890725,18111.1
13890724,17973.1
13890721,17902.5
13890720,18283
13890719,18564
13890718,18642
13890717,18937.7
13890714,18871.8
13890713,18749.9
13890711,18762.4
13890710,18790.4
13890707,18671.3
13890706,18535.3
13890705,18405.6
13890704,18527.8
13890703,18673.3
13890631,18548.6
13890630,18413
13890629,18303.3
13890628,18487.6
13890627,18657.7
13890624,18555.7
13890623,18543.1
13890622,18533.7
13890621,18533.4
13890617,18429.6
13890616,18458.9
13890615,18648.2
13890614,18636.1
13890613,18315.8
13890609,17955.7
13890608,17938
13890607,17767.8
13890606,17401
13890603,17233.1
13890602,17152.7
13890601,17116.7
13890531,16957.6
13890530,16974.6
13890527,17009.6
13890526,16910.8
13890525,16766.9
13890524,16701.1
13890523,16864.6
13890520,16995.1
13890519,16841.4
13890518,16674.4
13890517,16625.9
13890516,16606.1
13890513,16317.9
13890512,16281.7
13890511,16078.1
13890510,15870
13890509,15840.5
13890506,15794.1
13890504,15746.5
13890503,15660.9
13890502,15455.4
13890430,15360.7
13890429,15344.6
13890428,15244.8
13890427,15189
13890426,15118
13890423,15080.4
13890422,15005.9
13890421,14981.5
13890420,14883.4
13890416,14718.8
13890415,14571.6
13890414,14553.2
13890413,14504.2
13890412,14561.1
13890409,14552.3
13890408,14545.3
13890407,14500.9
13890406,14503
13890402,14489.4
13890401,14350.6
13890331,14257
13890330,14280.9
13890329,14340.6
13890326,14372
13890325,14394.2
13890324,14288.5
13890323,14180.3
13890322,14114.9
13890319,14055.1
13890318,14148.8
13890317,14135.3
13890316,14164.7
13890312,14182.4
13890311,14109
13890310,14038.3
13890309,14087.6
13890308,14119.9
13890305,14153.8
13890304,14184.3
13890303,14115.5
13890302,14080.5
13890301,14117.2
13890229,14155.6
13890228,14156.7
13890226,14138.8
13890225,14096.1
13890222,14105.3
13890221,14131.7
13890220,14099.5
13890219,14014.3
13890218,13920.5
13890215,13944.8
13890214,14036.7
13890213,14012.6
13890212,14085.9
13890211,14136.7
13890208,14012.5
13890207,14139.4
13890206,14129
13890205,14053.3
13890204,14079.9
13890201,14129.2
13890131,14185.7
13890130,14138.3
13890129,13935
13890128,13815.7
13890125,13903.4
13890124,13904
13890123,13832.8
13890122,13802.6
13890121,13754
13890118,13681.2
13890117,13476.5
13890116,13317
13890115,13320.1
13890114,13135.7
13890111,12945
13890110,12867
13890109,12823.9
13890108,12732.1
13890107,12613.9
13881226,12536.7
13881225,12499.7
13881224,12533.6
13881223,12549.1
13881222,12440.5
13881219,12446.8
13881218,12429.1
13881217,12307.2
13881216,12248.9
13881215,12221.3
13881212,12133.4
13881211,12111.1
13881210,12048.9
13881209,12009
13881208,11963.5
13881205,11993.2
13881204,12010.2
13881203,12008.6
13881202,11929
13881201,11819
13881128,11774.2
13881127,11789.7
13881125,11760
13881121,11694.1
13881120,11660.7
13881119,11666.8
13881118,11686.3
13881117,11715.5
13881114,11751.7
13881113,11721.3
13881112,11709.6
13881111,11724.7
13881110,11750.1
13881107,11802.9
13881106,11752.5
13881105,11705.1
13881104,11684.9
13881103,11617.8
13881030,11569.2
13881029,11569.2
13881028,11584
13881027,11620.7
13881026,11614.9
13881023,11599.9
13881022,11646.2
13881021,11656.8
13881020,11592.3
13881019,11449.6
13881016,11375.4
13881015,11307.4
13881014,11305.1
13881013,11351.1
13881012,11295.2
13881009,11207.5
13881008,11178.5
13881007,11196.9
13881002,11221.3
13881001,11234.6
13880930,11274.9
13880929,11255.7
13880928,11209.6
13880925,11265.3
13880924,11362.5
13880923,11629.1
13880922,11677.4
13880921,11753.1
13880918,11836.3
13880917,11909.6
13880916,11944.5
13880914,11905
13880911,11914.6
13880910,11928.9
13880909,11964.9
13880908,12027.6
13880904,12113.4
13880903,12072.6
13880902,11996.3
13880901,12003
13880830,12086.7
13880827,12176.4
13880826,12241.9
13880825,12325.4
13880824,12361.7
13880823,12403.1
13880820,12381.4
13880819,12426.1
13880818,12581.5
13880817,12565.9
13880816,12576.9
13880813,12506
13880812,12483.6
13880811,12529.5
13880810,12545
13880809,12482.4
13880806,12408.4
13880805,12345.1
13880804,12342.6
13880803,12325.8
13880802,12242.8
13880729,12176.3
13880728,12077.3
13880727,11976.4
13880726,11914.1
13880725,11917.8
13880721,11918.3
13880720,11912.3
13880719,11925.4
13880718,11957.9
13880715,11891.1
13880714,11792.8
13880713,11738.2
13880712,11717.3
13880711,11657.3
13880708,11535.8
13880707,11555
13880706,11559.1
13880705,11588.2
13880704,11620.4
13880701,11583
13880631,11479.8
13880630,11451.8
13880629,11437
13880628,11437
13880625,11461.1
13880624,11523.6
13880623,11598.7
13880622,11638.4
13880621,11696.5
13880618,11696.5
13880617,11639
13880616,11589.7
13880615,11634.5
13880614,11678.5
13880611,11747.2
13880610,11741
13880609,11688.3
13880608,11693.5
13880607,11734.4
13880604,11576.9
13880603,10983.6
13880602,10686.1
13880601,10612.2
13880531,10555.4
13880528,10472.4
13880527,10442.5
13880526,10405.4
13880525,10333.2
13880524,10250.8
13880521,10194
13880520,10139.4
13880519,10114.2
13880518,10044
13880517,9999
13880514,9904.4
13880513,9861.1
13880512,9835
13880511,9831.2
13880510,9811.2
13880507,9765.6
13880506,9727.1
13880505,9703.7
13880504,9530.3
13880503,9522.9
13880431,9522.2
13880430,9511.1
13880428,9474.5
13880427,9442.2
13880425,9394.6
13880424,9394.6
13880423,9374
13880422,9352.8
13880421,9415.8
13880420,9438.5
13880416,9457.9
13880414,9452.7
13880413,9470.4
13880410,9471
13880409,9387.6
13880408,9360.1
13880407,9353.7
13880406,9342.6
13880403,9338.6
13880402,9340
13880401,9251.8
13880331,9258.4
13880330,9247.7
13880327,9247.2
13880326,9271.1
13880325,9299
13880324,9310.3
13880323,9365.4
13880320,9343.3
13880319,9278.5
13880318,9235.5
13880317,9195.1
13880316,9121.3
13880313,9081.7
13880312,9032.3
13880311,9006.3
13880310,9000.6
13880309,9001.3
13880306,8953.7
13880305,8934.6
13880304,8971.1
13880303,9019.5
13880302,9042.1
13880230,9000.8
13880229,8956.3
13880228,8963.8
13880227,8919.4
13880226,8888
13880223,8932.1
13880222,8968.3
13880221,8989.5
13880220,8930.4
13880219,8872.4
13880216,8774.2
13880215,8699.5
13880214,8638.3
13880213,8584.6
13880212,8548.3
13880209,8535
13880208,8527.8
13880207,8518.1
13880206,8502.6
13880205,8469.1
13880202,8476.4
13880201,8434.9
13880131,8431.2
13880130,8348
13880129,8290.4
13880126,8251.6
13880125,8252.4
13880124,8203.6
13880123,8175.9
13880122,8153.5
13880119,8111.1
13880118,8077.9
13880117,8049
13880116,8006
13880115,8001.6
13880111,7988.7
13880110,7970.3
13880109,7955.4
13880108,7965.8
13880105,7965.6
13871228,7966.5
13871227,7972.3
13871226,7977.1
13871224,8120.3
13871221,8130.4
13871220,8126.5
13871219,8096
13871218,8111.2
13871217,8133.5
13871214,8185.3
13871213,8200.9
13871212,8216.1
13871211,8226.8
13871210,8243.2
13871207,8248.9
13871205,8266.2
13871204,8297
13871203,8355.9
13871130,8376.6
13871129,8390.2
13871127,8412.7
13871126,8420
13871123,8430
13871121,8423.7
13871120,8438
13871119,8451.3
13871116,8466.4
13871115,8483.4
13871114,8496.2
13871113,8491.8
13871112,8508.3
13871109,8505.6
13871108,8509.1
13871107,8507.3
13871106,8519.1
13871105,8553.7
13871102,8514.3
13871101,8496.9
13871030,8467.4
13871029,8459.9
13871028,8458.1
13871025,8456.9
13871024,8463.7
13871023,8519
13871022,8542
13871021,8575.7
13871016,8596.4
13871015,8619.6
13871014,8641.8
13871011,8656.3
13871010,8695
13871009,8726.9
13871008,8757.8
13871007,8786.7
13871004,8795.7
13871003,8803.4
13871002,8832.2
13871001,8851.6
13870930,8857.1
13870926,8869
13870925,8890.7
13870924,8907
13870923,8973.3
13870920,9023.7
13870918,9089.2
13870917,9130.5
13870916,9178.3
13870915,9248.9
13870914,9248.9
